{
    "code": 0,
    "msg": "查询K线成功！",
    "data": {
        "lines": [
            [
                1526286180000,
                30.00000000,
                30.00000000,
                30.00000000,
                30.00000000,
                1.66666666
            ],
            [
                1526285880000,
                30.00000000,
                30.00000000,
                30.00000000,
                30.00000000,
                3.33333333
            ],
            [
                1526285820000,
                30.00000000,
                30.00000000,
                30.00000000,
                30.00000000,
                1.66666667
            ],
            [
                1526285580000,
                30.00000000,
                30.00000000,
                30.00000000,
                30.00000000,
                5.00000000
            ],
            [
                1526285460000,
                30.00000000,
                30.00000000,
                30.00000000,
                30.00000000,
                3.33333333
            ],
            [
                1526285160000,
                30.00000000,
                30.00000000,
                30.00000000,
                30.00000000,
                3.33333333
            ],
            [
                1526285100000,
                30.00000000,
                30.00000000,
                30.00000000,
                30.00000000,
                1.66666666
            ],
            [
                1526284860000,
                30.00000000,
                30.00000000,
                30.00000000,
                30.00000000,
                1.66666667
            ],
            [
                1526284740000,
                30.00000000,
                30.00000000,
                30.00000000,
                30.00000000,
                3.33333333
            ],
            [
                1526284200000,
                20.00000000,
                20.00000000,
                20.00000000,
                20.00000000,
                5.00000000
            ],
            [
                1526284020000,
                20.00000000,
                20.00000000,
                20.00000000,
                20.00000000,
                5.00000000
            ],
            [
                1526282520000,
                20.00000000,
                20.00000000,
                20.00000000,
                20.00000000,
                5.00000000
            ],
            [
                1526282340000,
                20.00000000,
                20.00000000,
                20.00000000,
                20.00000000,
                5.00000000
            ],
            [
                1526282100000,
                20.00000000,
                20.00000000,
                20.00000000,
                20.00000000,
                5.00000000
            ],
            [
                1526281800000,
                20.00000000,
                20.00000000,
                20.00000000,
                20.00000000,
                5.00000000
            ],
            [
                1526280480000,
                20.00000000,
                20.00000000,
                20.00000000,
                20.00000000,
                5.00000000
            ],
            [
                1526280180000,
                11.00000000,
                11.00000000,
                11.00000000,
                11.00000000,
                5.00000000
            ],
            [
                1526279580000,
                11.00000000,
                11.00000000,
                11.00000000,
                11.00000000,
                0.90909091
            ],
            [
                1526279220000,
                11.00000000,
                11.00000000,
                11.00000000,
                11.00000000,
                4.09090909
            ],
            [
                1526278680000,
                11.00000000,
                11.00000000,
                11.00000000,
                11.00000000,
                5.00000000
            ],
            [
                1526278020000,
                10.00000000,
                10.00000000,
                10.00000000,
                10.00000000,
                10.00000000
            ],
            [
                1526272920000,
                10.00000000,
                10.00000000,
                10.00000000,
                10.00000000,
                4.00000000
            ],
            [
                1526272560000,
                10.00000000,
                10.00000000,
                10.00000000,
                10.00000000,
                4.00000000
            ],
            [
                1526272260000,
                10.00000000,
                10.00000000,
                10.00000000,
                10.00000000,
                4.00000000
            ],
            [
                1526272200000,
                10.00000000,
                10.00000000,
                10.00000000,
                10.00000000,
                4.00000000
            ],
            [
                1526272020000,
                10.00000000,
                10.00000000,
                10.00000000,
                10.00000000,
                4.00000000
            ],
            [
                1526271840000,
                10.00000000,
                10.00000000,
                10.00000000,
                10.00000000,
                4.00000000
            ],
            [
                1526265360000,
                10.00000000,
                10.00000000,
                10.00000000,
                10.00000000,
                8.00000000
            ],
            [
                1526264760000,
                10.00000000,
                10.00000000,
                10.00000000,
                10.00000000,
                9.00000000
            ],
            [
                1526264520000,
                10.00000000,
                10.00000000,
                10.00000000,
                10.00000000,
                8.00000000
            ],
            [
                1526264340000,
                10.00000000,
                10.00000000,
                10.00000000,
                10.00000000,
                4.00000000
            ],
            [
                1526263980000,
                10.00000000,
                10.00000000,
                10.00000000,
                10.00000000,
                4.00000000
            ],
            [
                1526263800000,
                10.00000000,
                10.00000000,
                10.00000000,
                10.00000000,
                7.00000000
            ],
            [
                1526263380000,
                1.00000000,
                1.00000000,
                1.00000000,
                1.00000000,
                10.00000000
            ],
            [
                1526033400000,
                10.00000000,
                10.00000000,
                10.00000000,
                10.00000000,
                11.00000000
            ],
            [
                1526021100000,
                1.00000000,
                1.00000000,
                1.00000000,
                1.00000000,
                10.00000000
            ],
            [
                1526020920000,
                10.00000000,
                10.00000000,
                10.00000000,
                10.00000000,
                3.00000000
            ],
            [
                1526001420000,
                10.00000000,
                10.00000000,
                10.00000000,
                10.00000000,
                2.00000000
            ]
        ]
    },
    "onlyData": false,
    "callback": null
}